<?xml version="1.0" encoding="UTF-8"?><rss version="2.0"
	xmlns:content="http://purl.org/rss/1.0/modules/content/"
	xmlns:wfw="http://wellformedweb.org/CommentAPI/"
	xmlns:dc="http://purl.org/dc/elements/1.1/"
	xmlns:atom="http://www.w3.org/2005/Atom"
	xmlns:sy="http://purl.org/rss/1.0/modules/syndication/"
	xmlns:slash="http://purl.org/rss/1.0/modules/slash/"
	>

<channel>
	<title>Chưa phân loại &#8211; My WordPress</title>
	<atom:link href="http://localhost/wordpress/category/khong-phan-loai/feed/" rel="self" type="application/rss+xml" />
	<link></link>
	<description>Một trang web mới sử dụng WordPress</description>
	<lastBuildDate>Sat, 15 May 2021 07:00:28 +0000</lastBuildDate>
	<language>vi</language>
	<sy:updatePeriod>
	hourly	</sy:updatePeriod>
	<sy:updateFrequency>
	1	</sy:updateFrequency>
	<generator>https://wordpress.org/?v=5.7.2</generator>
	<item>
		<title>Chào tất cả mọi người!</title>
		<link>/khong-phan-loai/chao-moi-nguoi/</link>
					<comments>/khong-phan-loai/chao-moi-nguoi/#comments</comments>
		
		<dc:creator><![CDATA[lehuuhoang]]></dc:creator>
		<pubDate>Sat, 15 May 2021 07:00:28 +0000</pubDate>
				<category><![CDATA[Chưa phân loại]]></category>
		<guid isPermaLink="false">/?p=1</guid>

					<description><![CDATA[Cảm ơn vì đã sử dụng WordPress. Đây là bài viết đầu tiên của bạn. Sửa hoặc xóa nó, và bắt đầu bài viết của bạn nhé!]]></description>
										<content:encoded><![CDATA[
<p>Cảm ơn vì đã sử dụng WordPress. Đây là bài viết đầu tiên của bạn. Sửa hoặc xóa nó, và bắt đầu bài viết của bạn nhé!</p>
]]></content:encoded>
					
					<wfw:commentRss>/khong-phan-loai/chao-moi-nguoi/feed/</wfw:commentRss>
			<slash:comments>4</slash:comments>
		
		
			</item>
	</channel>
</rss>
