<?xml version="1.0" encoding="UTF-8"?><rss version="2.0"
	xmlns:content="http://purl.org/rss/1.0/modules/content/"
	xmlns:dc="http://purl.org/dc/elements/1.1/"
	xmlns:atom="http://www.w3.org/2005/Atom"
	xmlns:sy="http://purl.org/rss/1.0/modules/syndication/"
	
	>
<channel>
	<title>
	Các phản hồi luận về: 68___giếng_làng_quảng_phú_cầu__ứng_hòa___ảnh_viết_mạnh-16_51_07_908	</title>
	<atom:link href="http://localhost/wordpress/laptop-may-tinh-bang-msi-acer/laptop/attachment/68___gieng_lang_quang_phu_cau__ung_hoa___anh_viet_manh-16_51_07_908/feed/" rel="self" type="application/rss+xml" />
	<link>/laptop-may-tinh-bang-msi-acer/laptop/attachment/68___gieng_lang_quang_phu_cau__ung_hoa___anh_viet_manh-16_51_07_908/</link>
	<description>Một trang web mới sử dụng WordPress</description>
	<lastBuildDate>Sat, 29 May 2021 03:50:07 +0000</lastBuildDate>
	<sy:updatePeriod>
	hourly	</sy:updatePeriod>
	<sy:updateFrequency>
	1	</sy:updateFrequency>
	<generator>https://wordpress.org/?v=5.7.2</generator>
</channel>
</rss>
