<?xml version="1.0" encoding="UTF-8"?><rss version="2.0"
	xmlns:content="http://purl.org/rss/1.0/modules/content/"
	xmlns:dc="http://purl.org/dc/elements/1.1/"
	xmlns:atom="http://www.w3.org/2005/Atom"
	xmlns:sy="http://purl.org/rss/1.0/modules/syndication/"
	
	>
<channel>
	<title>
	Các phản hồi luận về: net-cuoi-be-gai-9-1527053440039156820618	</title>
	<atom:link href="http://localhost/wordpress/laptop-may-tinh-bang-msi-acer/laptop/attachment/net-cuoi-be-gai-9-1527053440039156820618/feed/" rel="self" type="application/rss+xml" />
	<link>/laptop-may-tinh-bang-msi-acer/laptop/attachment/net-cuoi-be-gai-9-1527053440039156820618/</link>
	<description>Một trang web mới sử dụng WordPress</description>
	<lastBuildDate>Sat, 29 May 2021 03:50:09 +0000</lastBuildDate>
	<sy:updatePeriod>
	hourly	</sy:updatePeriod>
	<sy:updateFrequency>
	1	</sy:updateFrequency>
	<generator>https://wordpress.org/?v=5.7.2</generator>
</channel>
</rss>
