<?xml version="1.0" encoding="UTF-8"?><rss version="2.0"
	xmlns:content="http://purl.org/rss/1.0/modules/content/"
	xmlns:dc="http://purl.org/dc/elements/1.1/"
	xmlns:atom="http://www.w3.org/2005/Atom"
	xmlns:sy="http://purl.org/rss/1.0/modules/syndication/"
	
	>
<channel>
	<title>
	Các phản hồi luận về: Chào tất cả mọi người!	</title>
	<atom:link href="http://localhost/wordpress/khong-phan-loai/chao-moi-nguoi/feed/" rel="self" type="application/rss+xml" />
	<link>/khong-phan-loai/chao-moi-nguoi/</link>
	<description>Một trang web mới sử dụng WordPress</description>
	<lastBuildDate>Sat, 05 Jun 2021 04:22:22 +0000</lastBuildDate>
	<sy:updatePeriod>
	hourly	</sy:updatePeriod>
	<sy:updateFrequency>
	1	</sy:updateFrequency>
	<generator>https://wordpress.org/?v=5.7.2</generator>
	<item>
		<title>
		Bởi: sdc asd		</title>
		<link>/khong-phan-loai/chao-moi-nguoi/#comment-17</link>

		<dc:creator><![CDATA[sdc asd]]></dc:creator>
		<pubDate>Sat, 05 Jun 2021 04:22:22 +0000</pubDate>
		<guid isPermaLink="false">/?p=1#comment-17</guid>

					<description><![CDATA[aaaaaaaaaaaaaaaaaaaaaaaaaaaaaaaaaaaaaaaaaaa spam spam spam Spammmmmmmmmmmmmmmmmmmmmmmmmmmmmmmmmmmmmmmmmmmmmmmmmmmmmmmmmmmmmmmmmmmmmmmmmmmmmmmmmmmmmmmmmmmmmmmmmmmmmmmmmmmmmmmmmmmmmmmmmmm]]></description>
			<content:encoded><![CDATA[<p>aaaaaaaaaaaaaaaaaaaaaaaaaaaaaaaaaaaaaaaaaaa spam spam spam Spammmmmmmmmmmmmmmmmmmmmmmmmmmmmmmmmmmmmmmmmmmmmmmmmmmmmmmmmmmmmmmmmmmmmmmmmmmmmmmmmmmmmmmmmmmmmmmmmmmmmmmmmmmmmmmmmmmmmmmmmmm</p>
]]></content:encoded>
		
			</item>
		<item>
		<title>
		Bởi: sdc asd		</title>
		<link>/khong-phan-loai/chao-moi-nguoi/#comment-16</link>

		<dc:creator><![CDATA[sdc asd]]></dc:creator>
		<pubDate>Sat, 05 Jun 2021 04:10:34 +0000</pubDate>
		<guid isPermaLink="false">/?p=1#comment-16</guid>

					<description><![CDATA[Spammmmmmmmmmmmmmmmmmmmmmmmmmmmmmmmmmmmmmmmmmmmmmmmmmmmmmmmmmmmmmmmmmmmmmmmmmmmmmmmmmmmmmmm]]></description>
			<content:encoded><![CDATA[<p>Spammmmmmmmmmmmmmmmmmmmmmmmmmmmmmmmmmmmmmmmmmmmmmmmmmmmmmmmmmmmmmmmmmmmmmmmmmmmmmmmmmmmmmmm</p>
]]></content:encoded>
		
			</item>
		<item>
		<title>
		Bởi: sdc asd		</title>
		<link>/khong-phan-loai/chao-moi-nguoi/#comment-15</link>

		<dc:creator><![CDATA[sdc asd]]></dc:creator>
		<pubDate>Sat, 05 Jun 2021 04:09:55 +0000</pubDate>
		<guid isPermaLink="false">/?p=1#comment-15</guid>

					<description><![CDATA[Spammmmmmmmmmmmmmmmmmmmmmmm]]></description>
			<content:encoded><![CDATA[<p>Spammmmmmmmmmmmmmmmmmmmmmmm</p>
]]></content:encoded>
		
			</item>
		<item>
		<title>
		Bởi: Một người bình luận WordPress		</title>
		<link>/khong-phan-loai/chao-moi-nguoi/#comment-1</link>

		<dc:creator><![CDATA[Một người bình luận WordPress]]></dc:creator>
		<pubDate>Sat, 15 May 2021 07:00:28 +0000</pubDate>
		<guid isPermaLink="false">/?p=1#comment-1</guid>

					<description><![CDATA[Xin chào, đây là một bình luận
Để bắt đầu với quản trị bình luận, chỉnh sửa hoặc xóa bình luận, vui lòng truy cập vào khu vực Bình luận trong trang quản trị.
Avatar của người bình luận sử dụng &lt;a href=&quot;https://gravatar.com&quot;&gt;Gravatar&lt;/a&gt;.]]></description>
			<content:encoded><![CDATA[<p>Xin chào, đây là một bình luận<br />
Để bắt đầu với quản trị bình luận, chỉnh sửa hoặc xóa bình luận, vui lòng truy cập vào khu vực Bình luận trong trang quản trị.<br />
Avatar của người bình luận sử dụng <a href="https://gravatar.com/">Gravatar</a>.</p>
]]></content:encoded>
		
			</item>
	</channel>
</rss>
