<?xml version="1.0" encoding="UTF-8"?><rss version="2.0"
	xmlns:content="http://purl.org/rss/1.0/modules/content/"
	xmlns:dc="http://purl.org/dc/elements/1.1/"
	xmlns:atom="http://www.w3.org/2005/Atom"
	xmlns:sy="http://purl.org/rss/1.0/modules/syndication/"
	
	>
<channel>
	<title>
	Các phản hồi luận về: Blog	</title>
	<atom:link href="http://localhost/wordpress/laptop-may-tinh-bang-msi-acer/laptop/feed/" rel="self" type="application/rss+xml" />
	<link>/laptop-may-tinh-bang-msi-acer/laptop/</link>
	<description>Một trang web mới sử dụng WordPress</description>
	<lastBuildDate>Sat, 05 Jun 2021 04:08:04 +0000</lastBuildDate>
	<sy:updatePeriod>
	hourly	</sy:updatePeriod>
	<sy:updateFrequency>
	1	</sy:updateFrequency>
	<generator>https://wordpress.org/?v=5.7.2</generator>
	<item>
		<title>
		Bởi: lehuuhoang		</title>
		<link>/laptop-may-tinh-bang-msi-acer/laptop/#comment-14</link>

		<dc:creator><![CDATA[lehuuhoang]]></dc:creator>
		<pubDate>Sat, 05 Jun 2021 04:08:04 +0000</pubDate>
		<guid isPermaLink="false">/?p=14#comment-14</guid>

					<description><![CDATA[aaaaaaaaaaaaaaaaaaaaaaaaaaaaaaaaa]]></description>
			<content:encoded><![CDATA[<p>aaaaaaaaaaaaaaaaaaaaaaaaaaaaaaaaa</p>
]]></content:encoded>
		
			</item>
		<item>
		<title>
		Bởi: sdc asd		</title>
		<link>/laptop-may-tinh-bang-msi-acer/laptop/#comment-12</link>

		<dc:creator><![CDATA[sdc asd]]></dc:creator>
		<pubDate>Sat, 05 Jun 2021 04:06:52 +0000</pubDate>
		<guid isPermaLink="false">/?p=14#comment-12</guid>

					<description><![CDATA[aaaaaaaaaaaaaaaaaaaaaaaaaaaaaaaaaaaaaaaaaaaaaaaaaaaaaaaaa]]></description>
			<content:encoded><![CDATA[<p>aaaaaaaaaaaaaaaaaaaaaaaaaaaaaaaaaaaaaaaaaaaaaaaaaaaaaaaaa</p>
]]></content:encoded>
		
			</item>
		<item>
		<title>
		Bởi: lehuuhoang		</title>
		<link>/laptop-may-tinh-bang-msi-acer/laptop/#comment-11</link>

		<dc:creator><![CDATA[lehuuhoang]]></dc:creator>
		<pubDate>Sat, 05 Jun 2021 04:04:43 +0000</pubDate>
		<guid isPermaLink="false">/?p=14#comment-11</guid>

					<description><![CDATA[spam]]></description>
			<content:encoded><![CDATA[<p>spam</p>
]]></content:encoded>
		
			</item>
		<item>
		<title>
		Bởi: sdc asd		</title>
		<link>/laptop-may-tinh-bang-msi-acer/laptop/#comment-9</link>

		<dc:creator><![CDATA[sdc asd]]></dc:creator>
		<pubDate>Sat, 05 Jun 2021 03:19:06 +0000</pubDate>
		<guid isPermaLink="false">/?p=14#comment-9</guid>

					<description><![CDATA[alo alo alo]]></description>
			<content:encoded><![CDATA[<p>alo alo alo</p>
]]></content:encoded>
		
			</item>
		<item>
		<title>
		Bởi: Nameless		</title>
		<link>/laptop-may-tinh-bang-msi-acer/laptop/#comment-8</link>

		<dc:creator><![CDATA[Nameless]]></dc:creator>
		<pubDate>Sat, 05 Jun 2021 03:14:00 +0000</pubDate>
		<guid isPermaLink="false">/?p=14#comment-8</guid>

					<description><![CDATA[Hello Holeee]]></description>
			<content:encoded><![CDATA[<p>Hello Holeee</p>
]]></content:encoded>
		
			</item>
		<item>
		<title>
		Bởi: lehuuhoang		</title>
		<link>/laptop-may-tinh-bang-msi-acer/laptop/#comment-7</link>

		<dc:creator><![CDATA[lehuuhoang]]></dc:creator>
		<pubDate>Sat, 05 Jun 2021 03:11:48 +0000</pubDate>
		<guid isPermaLink="false">/?p=14#comment-7</guid>

					<description><![CDATA[Hello i want to comment !!!]]></description>
			<content:encoded><![CDATA[<p>Hello i want to comment !!!</p>
]]></content:encoded>
		
			</item>
	</channel>
</rss>
